<FluentXMLReport>
<version>
Fluent
Version: axi, dp, pbns, lam (axi, double precision, pressure-based, laminar)
Release: 24.1.0
Title: 
</version>

<Models>

Models
------

   Model                        Settings       
   -----------------------------------------
   Space                        Axisymmetric   
   Time                         Steady         
   Viscous                      Laminar        
   Heat Transfer                Disabled       
   Solidification and Melting   Disabled       
   Species                      Disabled       
   Coupled Dispersed Phase      Disabled       
   NOx Pollutants               Disabled       
   SOx Pollutants               Disabled       
   Soot                         Disabled       
   Mercury Pollutants           Disabled       
   Structure                    Disabled       
   Acoustics                    Disabled       
   Eulerian Wall Film           Disabled       
   Potential/Electrochemistry   Disabled       
   Multiphase                   Disabled       

</Models>

<MaterialProperties>
Material Properties
-------------------

   Material: acetone (fluid)

      Property               Units      Method     Value(s)   
      -----------------------------------------------------
      Density                kg/m^3     constant   791        
      Cp (Specific Heat)     J/(kg K)   constant   2160       
      Thermal Conductivity   W/(m K)    constant   0.18       
      Viscosity              kg/(m s)   constant   0.000331   
      Molecular Weight       kg/kmol    constant   58.0498    

   Material: air (fluid)

      Property               Units      Method     Value(s)     
      -------------------------------------------------------
      Density                kg/m^3     constant   1.225        
      Cp (Specific Heat)     J/(kg K)   constant   1006.43      
      Thermal Conductivity   W/(m K)    constant   0.0242       
      Viscosity              kg/(m s)   constant   1.7894e-05   
      Molecular Weight       kg/kmol    constant   28.966       

   Material: aluminum (solid)

      Property               Units      Method     Value(s)   
      -----------------------------------------------------
      Density                kg/m^3     constant   2719       
      Cp (Specific Heat)     J/(kg K)   constant   871        
      Thermal Conductivity   W/(m K)    constant   202.4      

</MaterialProperties>

<CellZoneConditions>
Cell Zone Conditions
--------------------

   Zones

      name           id   type    
      -------------------------
      surface_body   2    fluid   

   Setup Conditions

      surface_body

         Condition       Value   
         ---------------------
         Frame Motion?   no      
         Mesh Motion?    no      

</CellZoneConditions>

<BoundaryConditions>
Boundary Conditions
-------------------

   Zones

      name         id   type              
      ---------------------------------
      centerline   8    axis              
      inlet        5    velocity-inlet    
      outlet       6    pressure-outlet   
      wall         7    wall              

   Setup Conditions

      centerline

         Condition   Value   
         -----------------

      inlet

         Condition                  Value   
         --------------------------------
         Velocity Magnitude [m/s]   0.7     

      outlet

         Condition                                 Value                   
         ---------------------------------------------------------------
         Backflow Direction Specification Method   From Neighboring Cell   

      wall

         Condition                  Value             
         ------------------------------------------
         Wall Motion                Stationary Wall   
         Shear Boundary Condition   No Slip           

</BoundaryConditions>

<SolverSettings>
Solver Settings
---------------

   Equations

      Equation   Solved   
      -----------------
      Flow       yes      

   Numerics

      Numeric                         Enabled   
      ---------------------------------------
      Absolute Velocity Formulation   yes       

   Pseudo Time Explicit Relaxation Factors

      Variable            Relaxation Factor   
      -------------------------------------
      Density             1                   
      Body Forces         1                   
      Explicit Momentum   0.5                 
      Explicit Pressure   0.5                 

   Linear Solver

      Variable   Solver Type   Termination Criterion   Residual Reduction Tolerance   
      -----------------------------------------------------------------------------
      Flow       F-Cycle       0.1                                                    

   Pressure-Velocity Coupling

      Parameter                               Value     
      -----------------------------------------------
      Type                                    Coupled   
      Pseudo Time Method (Global Time Step)   yes       

   Discretization Scheme

      Variable   Scheme                
      ------------------------------
      Pressure   PRESTO!               
      Momentum   Second Order Upwind   

   Solution Limits

      Quantity                         Limit   
      --------------------------------------
      Minimum Absolute Pressure [Pa]   1       
      Maximum Absolute Pressure [Pa]   5e+10   
      Minimum Static Temperature [K]   1       
      Maximum Static Temperature [K]   5000    

</SolverSettings>

</FluentXMLReport>